data;horario;n_da_ocorrencia;tipo_de_ocorrencia;km;trecho;sentido;tipo_de_acidente;automovel;bicicleta;caminhao;moto;onibus;outros;tracao_animal;transporte_de_cargas_especiais;trator_maquinas;utilitarios;ilesos;levemente_feridos;moderadamente_feridos;gravemente_feridos;mortos
13/06/2021;20:10:00;144;Acidente com VITIMA;406;BR-101/SC;Norte;Colisão - Lateral;2;0;0;0;0;0;0;0;0;0;2;0;2;0;0
13/06/2021;03:54:00;22;Acidente sem VITIMA;463;BR-101/SC;Norte;Saída de pista;1;0;0;0;0;0;0;0;0;0;1;0;0;0;0
13/06/2021;10:32:00;77;Acidente sem VITIMA;384;BR-101/SC;Sul;Saída de pista;1;0;0;0;0;0;0;0;0;0;1;0;0;0;0
13/06/2021;11:17:37;82;Acidente sem VITIMA;406;BR-101/SC;Norte;Saída de pista;1;0;0;0;0;0;0;0;0;0;1;0;0;0;0
14/06/2021;02:43:00;10;Acidente com VITIMA;395;BR-101/SC;Norte;Colisão - Transversal;1;0;0;0;0;0;0;0;0;1;2;1;0;0;0
14/06/2021;06:14:02;26;Acidente com VITIMA;285;BR-101/SC;Norte;Outros;2;0;0;0;0;0;0;0;0;1;2;1;0;0;0
14/06/2021;06:13:35;27;Acidente com VITIMA;330;BR-101/SC;Sul;Choque Barreira;1;0;0;0;0;0;0;0;0;0;0;1;0;0;0
14/06/2021;08:41:00;43;Acidente sem VITIMA;326;BR-101/SC;Sul;Colisão - Traseira;2;0;0;0;0;0;0;0;0;0;2;0;0;0;0
14/06/2021;18:20:00;93;Acidente sem VITIMA;406;BR-101/SC;Norte;Colisão - Lateral;1;0;0;0;0;0;0;0;0;1;3;0;0;0;0
15/06/2021;18:07:00;107;Acidente sem VITIMA;344;BR-101/SC;Sul;Colisão - Traseira;1;0;0;0;0;0;0;1;0;0;2;0;0;0;0
15/06/2021;18:16:49;111;Acidente com VITIMA;276;BR-101/SC;Sul;Saída de pista;1;0;0;0;0;0;0;0;0;0;0;1;0;0;0
15/06/2021;08:11:00;42;Acidente sem VITIMA;347;BR-101/SC;Sul;Engavetamento;3;0;0;0;0;0;0;0;0;0;5;0;0;0;0
16/06/2021;19:02:50;140;Acidente sem VITIMA;437;BR-101/SC;Sul;Colisão - Lateral;1;0;0;0;0;0;0;0;0;0;4;0;0;0;0
16/06/2021;21:19:10;152;Acidente sem VITIMA;363;BR-101/SC;Norte;Colisão - Traseira;0;0;0;1;0;0;0;0;0;0;2;0;0;0;0
16/06/2021;01:42:00;6;Acidente sem VITIMA;345;BR-101/SC;Sul;Tombamento;0;0;1;0;0;0;0;0;0;0;2;0;0;0;0
16/06/2021;09:55:00;67;Acidente sem VITIMA;308;BR-101/SC;Sul;;1;0;0;0;0;0;0;0;0;0;1;0;0;0;0
17/06/2021;21:02:00;104;Acidente com VITIMA;287;BR-101/SC;Norte;Colisão - Traseira;0;0;0;1;0;0;0;0;0;1;2;0;1;0;0
17/06/2021;21:05:00;106;Acidente sem VITIMA;373;BR-101/SC;Norte;Choque com objeto sobre a pista;1;0;0;0;0;0;0;0;0;1;2;0;0;0;0
17/06/2021;17:16:00;86;Acidente sem VITIMA;251;BR-101/SC;Norte;Saída de pista;1;0;0;0;0;0;0;0;0;0;2;0;0;0;0
17/06/2021;20:30:00;99;Acidente sem VITIMA;458;BR-101/SC;Norte;Colisão - Traseira;2;0;0;0;0;0;0;0;0;0;2;0;0;0;0
18/06/2021;16:56:00;104;Acidente com VITIMA;445;BR-101/SC;Norte;Queda de moto;0;0;0;1;0;0;0;0;0;0;0;1;0;0;0
18/06/2021;18:28:58;114;Acidente sem VITIMA;444;BR-101/SC;Sul;Capotamento;2;0;0;0;0;0;0;0;0;0;2;0;0;0;0
18/06/2021;18:39:00;116;Atropelamento;334;BR-101/SC;Sul;Atropelamento - Morador/Trabalhador/Estudante;0;0;0;2;0;0;0;0;0;0;0;3;0;0;0
18/06/2021;19:52:22;124;Acidente sem VITIMA;427;BR-101/SC;Norte;Choque com objeto sobre a pista;3;0;0;0;0;0;0;1;0;0;5;0;0;0;0
18/06/2021;10:01:00;56;Acidente sem VITIMA;419;BR-101/SC;Norte;Colisão - Lateral;1;0;0;1;0;0;0;0;0;0;2;0;0;0;0
18/06/2021;10:47:00;59;Acidente sem VITIMA;359;BR-101/SC;Ambos;Colisão - Lateral;1;0;0;0;0;0;0;0;0;1;2;0;0;0;0
18/06/2021;14:17:00;86;Acidente sem VITIMA;317;BR-101/SC;Sul;Colisão - Traseira;2;0;0;0;0;0;0;0;0;1;4;0;0;0;0
19/06/2021;14:26:00;56;Acidente com VITIMA FATAL;257;BR-101/SC;Norte;Choque Talude;1;0;0;0;0;0;0;0;0;0;0;1;0;0;1
19/06/2021;15:49:39;61;Acidente com VITIMA;317;BR-101/SC;Norte;Choque Barreira;1;0;0;0;0;0;0;0;0;0;1;1;0;0;0
19/06/2021;14:44:00;62;Acidente sem VITIMA;257;BR-101/SC;Norte;Colisão - Traseira;1;0;0;0;0;0;0;0;0;1;2;0;0;0;0
19/06/2021;17:51:22;70;Acidente sem VITIMA;287;BR-101/SC;Sul;Choque Barreira;2;0;0;0;0;0;0;0;0;0;2;0;0;0;0
19/06/2021;18:00:00;72;Acidente sem VITIMA;323;BR-101/SC;Norte;Saída de pista;1;0;0;0;0;0;0;0;0;0;2;0;0;0;0
19/06/2021;19:28:31;84;Acidente sem VITIMA;316;BR-101/SC;Norte;Choque Barreira;1;0;0;0;0;0;0;0;0;0;1;0;0;0;0
19/06/2021;23:14:39;95;Acidente sem VITIMA;414;BR-101/SC;Sul;Saída de pista;1;0;0;0;0;0;0;0;0;0;1;0;0;0;0
20/06/2021;05:11:00;10;Acidente sem VITIMA;379;BR-101/SC;Sul;Saída de pista;1;0;0;0;0;0;0;0;0;0;1;0;0;0;0
20/06/2021;21:06:00;100;Acidente sem VITIMA;350,41;BR-101/SC;Norte;Saída de pista;1;0;0;0;0;0;0;0;0;0;1;0;0;0;0
20/06/2021;16:06:00;67;Acidente com VITIMA;287;BR-101/SC;Norte;Colisão - Lateral;1;0;0;0;0;0;0;1;0;0;1;0;0;1;0
20/06/2021;18:37:26;80;Acidente sem VITIMA;261;BR-101/SC;Norte;Capotamento;1;0;0;0;0;0;0;0;0;0;1;0;0;0;0
20/06/2021;21:03:00;99;Acidente com VITIMA;331;BR-101/SC;Sul;Colisão - Lateral;2;0;0;0;0;0;0;0;0;0;1;0;1;0;0
21/06/2021;18:19:00;111;Acidente com VITIMA;341;BR-101/SC;Sul;Colisão - Traseira;0;0;0;1;0;0;0;1;0;0;1;0;1;0;0
21/06/2021;00:32:00;4;Acidente sem VITIMA;347,8;BR-101/SC;Norte;Saída de pista;1;0;0;0;0;0;0;0;0;0;1;0;0;0;0
21/06/2021;09:09:00;45;Acidente com VITIMA;375;BR-101/SC;Sul;Saída de pista;1;0;0;0;0;0;0;0;0;0;0;1;0;0;0
21/06/2021;10:51:00;60;Acidente sem VITIMA;273;BR-101/SC;Sul;Choque Defensa;1;0;0;0;0;0;0;0;0;0;3;0;0;0;0
21/06/2021;13:36:00;76;Acidente sem VITIMA;323;BR-101/SC;Norte;Colisão - Transversal;2;0;0;0;0;0;0;0;0;0;2;0;0;0;0
22/06/2021;09:13:00;42;Acidente com VITIMA;433;BR-101/SC;Norte;Atropelamento de Animal;0;0;0;1;0;0;0;0;0;0;0;1;0;0;0
22/06/2021;09:38:00;46;Acidente sem VITIMA;256;BR-101/SC;Norte;Colisão - Lateral;3;0;0;0;0;0;0;0;0;0;4;0;0;0;0
22/06/2021;10:14:44;49;Acidente sem VITIMA;444;BR-101/SC;Sul;Colisão - Transversal;2;0;0;0;0;0;0;0;0;0;2;0;0;0;0
23/06/2021;19:50:52;120;Acidente sem VITIMA;310;BR-101/SC;Sul;Choque - Meio Fio;1;0;0;0;0;0;0;0;0;0;1;0;0;0;0
23/06/2021;19:56:00;121;Acidente sem VITIMA;366;BR-101/SC;Norte;Colisão - Traseira;0;0;0;0;0;0;0;1;0;1;2;0;0;0;0
23/06/2021;05:36:56;13;Acidente com VITIMA;396,5;BR-101/SC;Norte;Colisão - Frontal;0;0;0;2;0;0;0;0;0;0;0;1;1;0;0
23/06/2021;00:31:00;3;Acidente sem VITIMA;451;BR-101/SC;Norte;Saída de pista;0;0;0;0;0;0;0;0;0;1;1;0;0;0;0
24/06/2021;15:45:00;109;Acidente com VITIMA;350;BR-101/SC;Sul;Saída de pista;0;0;0;1;0;0;0;0;0;0;0;1;0;0;0
24/06/2021;16:26:00;115;Atropelamento Fatal;272;BR-101/SC;Norte;Atropelamento - Morador/Trabalhador/Estudante;0;0;0;0;0;0;0;0;0;1;2;0;0;0;1
24/06/2021;19:06:00;134;Acidente sem VITIMA;361;BR-101/SC;Sul;Saída de pista;1;0;0;0;0;0;0;0;0;0;1;0;0;0;0
24/06/2021;04:14:00;16;Acidente sem VITIMA;458;BR-101/SC;Sul;Choque Praça - Submarino;1;0;0;0;0;0;0;0;0;0;1;0;0;0;0
24/06/2021;08:03:30;41;Acidente sem VITIMA;390;BR-101/SC;Sul;Choque Barreira;1;0;0;0;0;0;0;0;0;1;2;0;0;0;0
24/06/2021;12:28:00;85;Acidente com VITIMA;336;BR-101/SC;Sul;Colisão - Traseira;1;0;0;1;0;0;0;0;0;0;1;0;1;0;0
25/06/2021;22:47:00;141;Acidente sem VITIMA;384;BR-101/SC;Sul;Saída de pista;1;0;0;0;0;0;0;0;0;0;1;0;0;0;0
25/06/2021;12:46:00;72;Acidente sem VITIMA;306;BR-101/SC;Norte;Colisão - Frontal;0;0;0;0;0;0;0;0;0;2;2;0;0;0;0
25/06/2021;12:52:00;74;Acidente com VITIMA;416;BR-101/SC;Sul;Colisão - Frontal;1;0;0;1;0;0;0;0;0;0;0;0;2;0;0
25/06/2021;15:27:00;95;Acidente sem VITIMA;386;BR-101/SC;Sul;Saída de pista;0;0;0;0;0;0;0;0;0;1;1;0;0;0;0
26/06/2021;01:12:00;2;Acidente com VITIMA;308;BR-101/SC;Sul;Colisão - Lateral;2;0;0;0;0;0;0;0;0;0;2;1;0;0;0
26/06/2021;10:33:00;35;Acidente com VITIMA;255;BR-101/SC;Norte;Saída de pista;1;0;0;0;0;0;0;0;0;0;0;1;0;0;0
26/06/2021;11:41:00;42;Acidente sem VITIMA;369;BR-101/SC;Norte;Choque Barreira;1;0;0;0;0;0;0;0;0;0;1;0;0;0;0
26/06/2021;12:05:00;44;Acidente com VITIMA;276;BR-101/SC;Norte;Colisão - Transversal;4;0;0;0;0;0;0;0;0;0;4;1;0;0;0
26/06/2021;02:29:00;5;Acidente sem VITIMA;374;BR-101/SC;Norte;Choque Defensa;1;0;0;0;0;0;0;0;0;0;1;0;0;0;0
26/06/2021;12:52:00;52;Acidente com VITIMA;323;BR-101/SC;Norte;Colisão - Traseira;1;0;0;0;0;0;0;0;0;1;1;1;0;0;0
26/06/2021;13:18:00;56;Acidente sem VITIMA;457;BR-101/SC;Sul;Outros;1;0;0;0;0;0;0;0;0;0;1;0;0;0;0
26/06/2021;14:50:00;70;Acidente com VITIMA FATAL;281;BR-101/SC;Sul;Capotamento;1;0;0;0;0;1;0;0;0;0;1;3;0;0;1
26/06/2021;15:08:39;75;Acidente sem VITIMA;344;BR-101/SC;Norte;Colisão - Lateral;1;0;0;0;0;0;0;0;0;1;3;0;0;0;0
27/06/2021;21:35:00;107;Acidente sem VITIMA;378;BR-101/SC;Sul;Saída de pista;1;0;0;0;0;0;0;0;0;0;2;0;0;0;0
27/06/2021;23:31:00;116;Acidente com VITIMA;419;BR-101/SC;Sul;Saída de pista;1;0;0;0;0;0;0;0;0;0;2;1;0;0;0
27/06/2021;05:49:00;12;Acidente com VITIMA;290;BR-101/SC;Sul;Colisão - Lateral;1;0;0;1;0;0;0;0;0;0;2;1;0;0;0
27/06/2021;07:42:00;19;Acidente com VITIMA;377;BR-101/SC;Sul;Capotamento;1;0;0;0;0;0;0;0;0;0;2;2;1;0;0
27/06/2021;01:37:00;4;Acidente sem VITIMA;378,8;BR-101/SC;Sul;Saída de pista;1;0;0;0;0;0;0;0;0;0;3;0;0;0;0
27/06/2021;11:07:10;47;Acidente sem VITIMA;385;BR-101/SC;Sul;Capotamento;1;0;0;0;0;0;0;0;0;0;2;0;0;0;0
27/06/2021;01:48:00;5;Acidente sem VITIMA;407;BR-101/SC;Norte;Saída de pista;1;0;0;0;0;0;0;0;0;0;2;0;0;0;0
27/06/2021;15:49:31;76;Acidente sem VITIMA;453;BR-101/SC;Norte;Capotamento;1;0;0;0;0;0;0;0;0;0;2;0;0;0;0
27/06/2021;16:45:00;78;Acidente sem VITIMA;335;BR-101/SC;Sul;Colisão - Lateral;1;0;0;0;0;0;0;1;0;0;5;0;0;0;0
27/06/2021;19:03:00;88;Acidente sem VITIMA;463;BR-101/SC;Norte;Saída de pista;1;0;0;0;0;0;0;0;0;0;2;0;0;0;0
27/06/2021;03:39:00;9;Atropelamento Fatal;338;BR-101/SC;Sul;Atropelamento - Morador/Trabalhador/Estudante;1;0;0;0;0;0;0;0;0;0;2;0;0;0;1
27/06/2021;19:45:00;94;Acidente sem VITIMA;375;BR-101/SC;Ambos;Saída de pista;1;0;0;0;0;0;0;0;0;0;2;0;0;0;0
28/06/2021;18:53:00;117;Acidente sem VITIMA;337;BR-101/SC;Norte;Colisão - Traseira;2;0;0;0;0;0;0;0;0;0;2;0;0;0;0
28/06/2021;19:23:46;120;Acidente sem VITIMA;452;BR-101/SC;Sul;Saída de pista;0;0;0;1;0;0;0;0;0;0;2;0;0;0;0
28/06/2021;20:30:00;127;Acidente sem VITIMA;332;BR-101/SC;Norte;Queda de Carga;2;0;0;0;0;0;0;1;0;0;5;0;0;0;0
28/06/2021;05:15:58;13;Acidente sem VITIMA;426;BR-101/SC;Sul;Saída de pista;1;0;0;0;0;0;0;0;0;0;4;0;0;0;0
28/06/2021;22:21:51;135;Acidente sem VITIMA;257;BR-101/SC;Norte;Colisão - Lateral;0;0;0;0;0;0;0;0;0;1;2;0;0;0;0
28/06/2021;23:32:00;138;Acidente sem VITIMA;437,7;BR-101/SC;Sul;Colisão - Traseira;2;0;0;0;0;0;0;0;0;0;3;0;0;0;0
28/06/2021;00:13:00;2;Acidente sem VITIMA;336;BR-101/SC;Sul;Choque Barreira;0;0;0;0;1;0;0;0;0;0;1;0;0;0;0
28/06/2021;07:48:32;24;Acidente sem VITIMA;385;BR-101/SC;Norte;Saída de pista;2;0;0;0;0;0;0;0;0;0;2;0;0;0;0
28/06/2021;09:28:00;42;Acidente sem VITIMA;331;BR-101/SC;Sul;Colisão - Lateral;1;0;0;0;0;0;0;0;0;1;2;0;0;0;0
28/06/2021;12:46:00;72;Acidente sem VITIMA;374,5;BR-101/SC;Norte;Capotamento;1;0;0;0;0;0;0;0;0;0;1;0;0;0;0
28/06/2021;13:39:00;79;Acidente sem VITIMA;337;BR-101/SC;Norte;Colisão - Lateral;2;0;0;0;0;0;0;0;0;0;2;0;0;0;0
28/06/2021;01:36:00;8;Acidente sem VITIMA;373;BR-101/SC;Ambos;Saída de pista;1;0;0;0;0;0;0;0;0;0;4;0;0;0;0
29/06/2021;23:42:21;151;Acidente sem VITIMA;259;BR-101/SC;Norte;Saída de pista;0;0;0;0;0;0;0;0;0;1;1;0;0;0;0
29/06/2021;10:51:00;58;Acidente com VITIMA;437;BR-101/SC;Norte;Colisão - Transversal;2;0;0;0;0;0;0;0;0;0;1;1;0;0;0
29/06/2021;04:05:00;6;Acidente sem VITIMA;296,8;BR-101/SC;Norte;Atropelamento de Animal;0;0;0;0;0;0;0;0;0;1;1;0;0;0;0
30/06/2021;01:58:45;3;Acidente sem VITIMA;372;BR-101/SC;Norte;Tombamento;0;0;1;0;0;0;0;0;0;0;1;0;0;0;0
30/06/2021;08:34:00;41;Acidente sem VITIMA;407;BR-101/SC;Ambos;Saída de pista;1;0;0;0;0;0;0;0;0;0;1;0;0;0;0
30/06/2021;09:55:00;52;Acidente sem VITIMA;324;BR-101/SC;Norte;Colisão - Transversal;1;0;0;0;0;0;0;0;0;1;2;0;0;0;0
30/06/2021;12:04:00;65;Acidente com VITIMA;424;BR-101/SC;Norte;Colisão - Lateral;2;0;0;0;0;0;0;0;0;0;1;1;0;0;0
30/06/2021;15:12:00;88;Acidente sem VITIMA;331;BR-101/SC;Norte;Colisão - Transversal;1;0;0;0;0;0;0;0;0;1;2;0;0;0;0
01/07/2021;21:50:00;123;Acidente sem VITIMA;281,000;BR-101/SC;Sul;Colisão - Lateral;1;0;0;0;0;0;0;0;0;1;2;0;0;0;0
01/07/2021;21:59:21;125;Acidente sem VITIMA;337,000;BR-101/SC;Sul;Colisão - Traseira;1;0;0;0;0;0;0;1;0;0;4;0;0;0;0
01/07/2021;02:10:00;13;Acidente sem VITIMA;372,000;BR-101/SC;Sul;Saída de pista;1;0;0;0;0;0;0;0;0;0;1;0;0;0;0
01/07/2021;07:28:00;28;Acidente sem VITIMA;401,000;BR-101/SC;Sul;Colisão - Lateral;1;0;0;0;0;0;0;0;0;1;3;0;0;0;0
01/07/2021;10:19:00;61;Acidente com VITIMA;288,000;BR-101/SC;Norte;Colisão - Transversal;0;0;0;1;0;0;0;0;0;1;1;0;1;0;0
01/07/2021;14:07:00;88;Acidente com VITIMA;344,000;BR-101/SC;Norte;Colisão - Lateral;1;0;0;1;0;0;0;0;0;0;1;2;0;0;0
01/07/2021;15:32:00;95;Acidente com VITIMA;328,000;BR-101/SC;Sul;Colisão - Traseira;1;0;0;1;0;0;0;0;0;0;1;0;1;0;0
02/07/2021;19:26:00;118;Acidente sem VITIMA;305,000;BR-101/SC;Sul;Saída de pista;1;0;0;0;0;0;0;0;0;0;1;0;0;0;0
02/07/2021;22:50:00;127;Acidente com VITIMA;432,000;BR-101/SC;Sul;Capotamento;2;0;0;0;0;0;0;0;0;0;1;0;2;0;0
02/07/2021;07:35:00;28;Acidente sem VITIMA;304,000;BR-101/SC;Norte;Capotamento;1;0;0;0;0;0;0;0;0;1;4;0;0;0;0
02/07/2021;02:24:00;8;Acidente sem VITIMA;327,000;BR-101/SC;Norte;Colisão - Lateral;1;0;0;0;0;0;0;0;0;1;3;0;0;0;0
02/07/2021;13:39:26;82;Acidente sem VITIMA;281,000;BR-101/SC;Norte;Saída de pista;1;0;0;0;0;0;0;0;0;0;1;0;0;0;0
02/07/2021;13:40:00;83;Acidente com VITIMA;436,000;BR-101/SC;Ambos;Colisão - Lateral;1;0;0;1;0;0;0;0;0;0;1;1;0;0;0
03/07/2021;18:08:59;116;Atropelamento;358,000;BR-101/SC;Norte;Atropelamento - Morador/Trabalhador/Estudante;0;0;0;2;0;0;0;0;0;0;2;0;0;0;0
03/07/2021;18:26:00;118;Acidente sem VITIMA;282,000;BR-101/SC;Sul;Outros;1;0;0;0;0;0;0;0;0;0;1;0;0;0;0
03/07/2021;02:30:00;12;Acidente sem VITIMA;442,000;BR-101/SC;Norte;;1;0;0;0;0;0;0;0;0;0;1;0;0;0;0
03/07/2021;19:51:14;126;Acidente sem VITIMA;359,000;BR-101/SC;Sul;Saída de pista;1;0;0;0;0;0;0;0;0;0;4;0;0;0;0
03/07/2021;20:19:00;128;Atropelamento;417,000;BR-101/SC;Sul;Atropelamento - Usuário;1;0;0;0;0;0;0;0;0;0;1;0;0;1;0
03/07/2021;03:23:14;16;Acidente sem VITIMA;389,000;BR-101/SC;Sul;Capotamento;1;0;0;0;0;0;0;0;0;0;2;0;0;0;0
04/07/2021;04:15:00;11;Acidente sem VITIMA;334,000;BR-101/SC;Sul;Saída de pista;1;0;0;0;0;0;0;0;0;0;2;0;0;0;0
04/07/2021;21:47:00;117;Acidente com VITIMA;401,000;BR-101/SC;Norte;Colisão - Frontal;1;0;0;1;0;0;0;0;0;0;2;0;1;0;0
04/07/2021;05:44:59;14;Acidente com VITIMA;372,000;BR-101/SC;Norte;Saída de pista;1;0;0;0;0;0;0;0;0;0;0;1;0;0;0
04/07/2021;06:14:00;15;Acidente sem VITIMA;378,000;BR-101/SC;Sul;Saída de pista;2;0;0;0;0;0;0;0;0;0;5;0;0;0;0
04/07/2021;07:05:00;23;Acidente sem VITIMA;369,000;BR-101/SC;Norte;Saída de pista;1;0;0;0;0;0;0;0;0;0;1;0;0;0;0
04/07/2021;09:38:00;44;Acidente sem VITIMA;443,000;BR-101/SC;Sul;Colisão - Traseira;2;0;0;0;0;0;0;0;0;0;4;0;0;0;0
04/07/2021;01:34:00;5;Acidente com VITIMA;328,000;BR-101/SC;Norte;Colisão - Traseira;1;0;0;1;0;0;0;0;0;0;1;1;0;0;0
05/07/2021;05:18:00;25;Acidente sem VITIMA;321,000;BR-101/SC;Sul;Saída de pista;0;0;0;0;0;0;0;0;0;1;1;0;0;0;0
05/07/2021;14:07:00;93;Acidente sem VITIMA;334,000;BR-101/SC;Norte;Colisão - Traseira;2;0;0;0;0;0;0;0;0;0;2;0;0;0;0
06/07/2021;19:04:00;101;Acidente com VITIMA;306,000;BR-101/SC;Sul;Colisão - Traseira;1;0;0;1;0;0;0;0;0;0;1;0;1;0;0
06/07/2021;21:49:00;112;Acidente com VITIMA;405,000;BR-101/SC;Norte;Colisão - Traseira;2;0;0;0;0;0;0;0;0;0;1;1;1;0;0
06/07/2021;03:41:00;13;Acidente com VITIMA;441,000;BR-101/SC;Sul;;0;0;2;0;0;0;0;0;0;0;0;2;0;0;0
06/07/2021;06:13:00;20;Acidente sem VITIMA;262,000;BR-101/SC;Norte;Atropelamento de Animal;1;0;0;0;0;0;0;0;0;0;1;0;0;0;0
06/07/2021;15:56:00;81;Acidente sem VITIMA;327,000;BR-101/SC;Sul;Colisão - Traseira;1;0;0;0;0;0;0;0;0;1;2;0;0;0;0
07/07/2021;17:06:07;121;Acidente com VITIMA;359,000;BR-101/SC;Sul;Colisão - Frontal;1;0;0;1;0;0;0;0;0;0;1;2;0;0;0
07/07/2021;18:24:00;129;Atropelamento;309,000;BR-101/SC;Norte;Atropelamento - Andarilho;1;0;0;1;0;0;0;0;0;0;1;0;1;0;0
07/07/2021;18:39:52;133;Atropelamento Fatal;333,000;BR-101/SC;Sul;Atropelamento - Andarilho;0;0;0;0;0;0;0;0;0;1;1;0;0;0;1
08/07/2021;21:29:00;133;Acidente sem VITIMA;360,000;BR-101/SC;Sul;Saída de pista;1;0;0;0;0;0;0;0;0;0;1;0;0;0;0
08/07/2021;22:31:44;142;Acidente sem VITIMA;415,000;BR-101/SC;Norte;Saída de pista;1;0;0;0;0;0;0;0;0;0;1;0;0;0;0
08/07/2021;00:22:07;2;Acidente sem VITIMA;394,000;BR-101/SC;Norte;Saída de pista;1;0;0;0;0;0;0;0;0;0;3;0;0;0;0
09/07/2021;03:06:00;13;Acidente sem VITIMA;267,000;BR-101/SC;Sul;Saída de pista;1;0;0;0;0;0;0;0;0;0;1;0;0;0;0
09/07/2021;09:26:00;61;Acidente sem VITIMA;364,000;BR-101/SC;Norte;Saída de pista;1;0;0;0;0;0;0;0;0;0;1;0;0;0;0
09/07/2021;10:31:00;67;Acidente sem VITIMA;297,000;BR-101/SC;Sul;Colisão - Traseira;0;0;0;0;0;0;0;0;0;2;2;0;0;0;0
10/07/2021;21:31:00;124;Acidente com VITIMA;330,000;BR-101/SC;Norte;Colisão - Traseira;0;0;0;1;0;0;0;0;0;0;1;0;1;0;0
10/07/2021;04:22:00;14;Acidente sem VITIMA;269,000;BR-101/SC;Sul;Colisão - Lateral;1;0;1;0;0;0;0;0;0;0;3;0;0;0;0
10/07/2021;09:22:00;47;Acidente com VITIMA FATAL;365,000;BR-101/SC;Sul;Capotamento;1;0;0;0;0;0;0;0;0;0;0;0;0;0;2
10/07/2021;10:34:00;54;Acidente sem VITIMA;334,000;BR-101/SC;Sul;Colisão - Traseira;3;0;0;0;0;0;0;0;0;0;3;0;0;0;0
10/07/2021;02:04:00;7;Acidente sem VITIMA;305,000;BR-101/SC;Sul;Colisão - Traseira;1;0;0;0;0;0;0;0;0;3;4;0;0;0;0
11/07/2021;20:37:00;104;Acidente com VITIMA;411,000;BR-101/SC;Sul;Choque - Poste;1;0;0;0;0;0;0;0;0;0;0;0;1;0;0
11/07/2021;02:41:00;12;Acidente sem VITIMA;365,000;BR-101/SC;Norte;Saída de pista;0;0;0;0;0;0;0;1;0;0;1;0;0;0;0
11/07/2021;11:34:00;50;Acidente com VITIMA;406,000;BR-101/SC;Norte;Saída de pista;1;0;0;0;0;0;0;0;0;0;0;1;0;0;0
11/07/2021;12:02:00;51;Acidente com VITIMA;409,000;BR-101/SC;Sul;Queda de moto;0;0;0;1;0;0;0;0;0;0;1;1;0;0;0
11/07/2021;01:20:41;7;Acidente sem VITIMA;393,000;BR-101/SC;Sul;Capotamento;1;0;0;0;0;0;0;0;0;0;1;0;0;0;0
11/07/2021;15:56:00;72;Acidente sem VITIMA;314,000;BR-101/SC;Sul;Engavetamento;10;0;0;0;0;0;0;0;0;0;26;0;0;0;0
11/07/2021;16:00:00;73;Acidente com VITIMA;314,000;BR-101/SC;Norte;Colisão - Traseira;2;0;0;0;0;0;0;0;0;0;3;1;0;0;0